<DATE>,<TIME>,<LAST>,<VOL>,<ID>,<OPER>
20200101,001500,62.0297000,62.1030000,61.9889000,62.0187000,299
20200101,003000,62.0968000,62.0968000,61.8360000,61.9631000,174
20200101,004500,62.0166000,62.0177000,61.9600000,61.9612000,97
20200101,010000,62.0154000,62.0160000,61.8991000,61.9148000,166
20200101,011500,62.0365000,62.0365000,61.8478000,61.9064000,9
20200101,013000,61.9174000,61.9338000,61.9007000,61.9007000,3
20200101,014500,61.9007000,61.9320000,61.9007000,61.9007000,4
20200101,020000,61.9007000,61.9007000,61.9007000,61.9007000,1
20200101,040000,61.9320000,61.9320000,61.9320000,61.9320000,1
20200101,041500,61.9368000,61.9368000,61.9368000,61.9368000,2
20200101,043000,61.9368000,61.9368000,61.9368000,61.9368000,3
20200101,044500,61.9368000,61.9368000,61.9368000,61.9368000,1
20200101,184500,61.9320000,61.9320000,61.9320000,61.9320000,2
20200101,210000,61.7750000,61.7750000,61.7750000,61.7750000,1
20200101,211500,61.7675000,61.7675000,61.3142000,61.3582000,13
20200101,213000,61.6553000,61.8733000,61.6553000,61.7750000,15
20200101,214500,61.8319000,61.9320000,61.7304000,61.7750000,20
20200101,220000,61.7013000,61.7013000,61.5917000,61.5917000,3
20200101,221500,61.5917000,61.8751000,61.5877000,61.8660000,11
20200101,223000,61.7911000,61.8186000,61.7750000,61.8186000,9
20200101,224500,61.7801000,61.8720000,61.7750000,61.8720000,4
20200101,230000,61.7750000,61.7750000,61.7750000,61.7750000,4
20200101,233000,61.7750000,61.7750000,61.7750000,61.7750000,1
20200101,234500,61.7676000,61.8717000,61.7676000,61.7750000,6
20200102,000000,61.7750000,61.9488000,61.7750000,61.8600000,11
20200102,001500,61.8936000,61.9593000,61.8341000,61.8936000,9
20200102,003000,61.9582000,61.9582000,61.9582000,61.9582000,1
20200102,004500,61.8400000,61.8400000,61.8400000,61.8400000,1
20200102,010000,61.8400000,61.8577000,61.8400000,61.8505000,12
20200102,011500,61.7851000,61.9502000,61.7600000,61.8039000,23
20200102,013000,61.9477000,61.9506000,61.8013000,61.8529000,14
20200102,014500,61.8784000,61.8789000,61.8255000,61.8255000,31
20200102,020000,61.8828000,61.8828000,61.8159000,61.8159000,26
20200102,021500,61.8535000,61.9320000,61.7309000,61.8668000,93
20200102,023000,61.7699000,61.8665000,61.7487000,61.7696000,15
20200102,024500,61.7704000,61.9320000,61.7488000,61.7721000,132
20200102,030000,61.7950000,61.8720000,61.7950000,61.8564000,92
20200102,031500,61.7947000,61.8591000,61.7947000,61.8559000,28
20200102,033000,61.7952000,61.8684000,61.7941000,61.8581000,125
20200102,034500,61.7940000,61.8606000,61.7940000,61.8473000,53
20200102,040000,61.7940000,62.0816000,61.7940000,62.0478000,143
20200102,041500,62.0821000,62.0821000,61.8247000,61.9467000,278
20200102,043000,62.0312000,62.0312000,61.9453000,61.9522000,35
20200102,044500,62.0189000,62.0211000,61.9501000,61.9502000,21
20200102,050000,62.0189000,62.0192000,61.9501000,61.9549000,16
20200102,051500,61.9317000,62.0401000,61.9088000,61.9967000,195
20200102,053000,62.0419000,62.0419000,61.9096000,61.9760000,107
20200102,054500,62.0179000,62.0179000,61.9336000,61.9851000,187
20200102,060000,62.0127000,62.0127000,61.8814000,61.9860000,223
20200102,061500,62.0078000,62.0078000,61.8814000,61.9860000,76
20200102,063000,62.0034000,62.0084000,61.8835000,61.9860000,33
20200102,064500,61.9950000,62.0078000,61.9146000,61.9850000,83
20200102,070000,61.9922000,62.0139000,61.8892000,61.9188000,65
20200102,071500,62.0020000,62.0043000,61.8892000,61.9222000,75
20200102,073000,61.9530000,62.0072000,61.9215000,61.9219000,109
20200102,074500,62.0077000,62.0077000,61.9201000,61.9446000,58
20200102,080000,61.9977000,62.0161000,61.9403000,61.9672000,37
20200102,081500,62.0043000,62.0200000,61.9360000,61.9694000,83
20200102,083000,62.0082000,62.0107000,61.9380000,61.9686000,52
20200102,084500,62.0301000,62.1521000,61.9420000,62.1521000,287
20200102,090000,62.0714000,62.1630000,62.0330000,62.1277000,270
20200102,091500,62.1228000,62.2001000,62.0600000,62.1340000,159
20200102,093000,62.1831000,62.1831000,62.1330000,62.1496000,81
20200102,094500,62.2040000,62.2040000,62.1270000,62.1469000,33
20200102,100000,62.1822000,62.1920000,62.0864000,62.1490000,368
20200102,101500,62.1000000,62.1640000,62.0891000,62.1479000,567
20200102,103000,62.1000000,62.1570000,61.8050000,61.8522000,1794
20200102,104500,61.8523000,61.9220000,61.8350000,61.8788000,2298
20200102,110000,61.9164000,61.9164000,61.7760000,61.8038000,1116
20200102,111500,61.8015000,61.8224000,61.7473000,61.7710000,960
20200102,113000,61.7924000,61.7950000,61.6873000,61.6885000,1116
20200102,114500,61.7220000,61.7371000,61.6735000,61.7046000,844
20200102,120000,61.7118000,61.7230000,61.5390000,61.5940000,1204
20200102,121500,61.5825000,61.6470000,61.5573000,61.6113000,1303
20200102,123000,61.6255000,61.6270000,61.5760000,61.5880000,875
20200102,124500,61.6202000,61.6400000,61.5748000,61.6350000,1078
20200102,130000,61.6270000,61.6624000,61.5885000,61.5970000,688
20200102,131500,61.6477000,61.6509000,61.5910000,61.6190000,880
20200102,133000,61.6590000,61.7194000,61.6160000,61.7194000,1181
20200102,134500,61.7242000,61.7521000,61.6773000,61.7453000,1486
20200102,140000,61.7605000,61.8013000,61.7060000,61.7907000,1068
20200102,141500,61.7794000,61.8023000,61.7048000,61.7347000,771
20200102,143000,61.7220000,61.7520000,61.6735000,61.7250000,1097
20200102,144500,61.7428000,61.7790000,61.6890000,61.7700000,1119
20200102,150000,61.7831000,61.7856000,61.6860000,61.7188000,832
20200102,151500,61.7221000,61.7577000,61.6760000,61.7288000,820
20200102,153000,61.7502000,61.7621000,61.6885000,61.7413000,781
20200102,154500,61.7928000,61.7938000,61.6873000,61.7594000,707
20200102,160000,61.7856000,61.7856000,61.7185000,61.7619000,481
20200102,161500,61.7607000,61.8170000,61.7360000,61.7735000,1045
20200102,163000,61.8225000,61.8331000,61.7590000,61.7874000,1283
20200102,164500,61.8199000,61.8395000,61.7190000,61.7690000,1454
20200102,170000,61.7916000,61.8278000,61.7298000,61.7754000,1332
20200102,171500,61.7725000,61.7913000,61.7073000,61.7470000,1754
20200102,173000,61.7602000,61.8244000,61.7060000,61.8038000,1750
20200102,174500,61.8163000,61.8310000,61.7348000,61.7740000,2033
20200102,180000,61.7650000,61.8090000,61.7398000,61.7512000,1801
20200102,181500,61.7696000,61.7887000,61.7185000,61.7720000,1844
20200102,183000,61.7820000,61.8089000,61.7473000,61.7947000,1923
20200102,184500,61.8108000,61.8108000,61.7323000,61.7611000,2080
20200102,190000,61.7752000,61.7893000,61.7023000,61.7320000,1728
20200102,191500,61.7381000,61.7505000,61.6498000,61.6647000,1510
20200102,193000,61.6618000,61.7450000,61.6510000,61.7147000,1825
20200102,194500,61.7267000,61.7439000,61.6510000,61.7190000,1467
20200102,200000,61.7329000,61.7900000,61.6910000,61.7750000,1291
20200102,201500,61.7999000,61.8146000,61.7498000,61.7880000,611
20200102,203000,61.8225000,61.8225000,61.7572000,61.7748000,293
20200102,204500,61.8068000,61.8068000,61.7405000,61.7765000,513
20200102,210000,61.7765000,61.8040000,61.7548000,61.7747000,426
20200102,211500,61.7747000,61.8012000,61.7535000,61.7829000,441
20200102,213000,61.7982000,61.7996000,61.7510000,61.7798000,361
20200102,214500,61.8067000,61.8127000,61.7498000,61.7600000,542
20200102,220000,61.7760000,61.8039000,61.7600000,61.7816000,290
20200102,221500,61.7954000,61.8065000,61.7205000,61.7500000,762
20200102,223000,61.7673000,61.7840000,61.7290000,61.7569000,378
20200102,224500,61.7560000,61.7784000,61.7390000,61.7611000,551
20200102,230000,61.7713000,61.7783000,61.7400000,61.7410000,390
20200102,231500,61.7779000,61.7831000,61.7198000,61.7498000,511
20200102,233000,61.7670000,61.7670000,61.7098000,61.7356000,562
20200102,234500,61.7390000,61.7565000,61.7010000,61.7393000,469
20200103,000000,61.7610000,61.7611000,61.7035000,61.7247000,632
20200103,001500,61.7477000,61.7477000,61.6620000,61.6775000,458
20200103,003000,61.7080000,61.7156000,61.6590000,61.6712000,209
20200103,004500,61.6750000,61.7100000,61.6590000,61.7070000,380
20200103,010000,61.6750000,61.7508000,61.6575000,61.7170000,439
20200103,011500,61.6985000,61.7200000,61.6590000,61.6775000,66
20200103,013000,61.7100000,61.7300000,61.6648000,61.6775000,83
20200103,014500,61.6775000,61.7187000,61.6590000,61.6775000,228
20200103,020000,61.7078000,61.7216000,61.6590000,61.6775000,108
20200103,021500,61.6812000,61.7265000,61.6590000,61.6921000,212
20200103,023000,61.7144000,61.7144000,61.6590000,61.6929000,116
20200103,024500,61.7137000,61.7137000,61.6590000,61.6750000,132
20200103,030000,61.7068000,61.7068000,61.6750000,61.6750000,82
20200103,031500,61.7072000,61.7076000,61.6750000,61.6850000,185
20200103,033000,61.7045000,61.7051000,61.6750000,61.6750000,127
20200103,034500,61.7059000,61.7144000,61.6750000,61.6750000,85
20200103,040000,61.7059000,61.7060000,61.6530000,61.6880000,97
20200103,041500,61.7037000,61.7078000,61.6590000,61.6970000,200
20200103,043000,61.7131000,61.7131000,61.6590000,61.6725000,210
20200103,044500,61.6880000,61.7065000,61.6590000,61.6590000,163
20200103,050000,61.7020000,61.7098000,61.6473000,61.6725000,144
20200103,051500,61.7040000,61.7868000,61.6725000,61.7405000,267
20200103,053000,61.7855000,61.7855000,61.7000000,61.7527000,261
20200103,054500,61.7782000,61.7791000,61.6854000,61.7335000,541
20200103,060000,61.7755000,61.7984000,61.7200000,61.7667000,747
20200103,061500,61.7931000,61.7938000,61.7300000,61.7704000,494
20200103,063000,61.7708000,61.8113000,61.7230000,61.7713000,1368
20200103,064500,61.8179000,61.8179000,61.7480000,61.7651000,931
20200103,070000,61.8016000,61.8094000,61.7550000,61.7781000,1420
20200103,071500,61.8001000,61.8001000,61.7464000,61.7627000,283
20200103,073000,61.7811000,61.7890000,61.7340000,61.7649000,274
20200103,074500,61.7812000,61.7870000,61.7385000,61.7464000,175
20200103,080000,61.7814000,61.8035000,61.7464000,61.7606000,281
20200103,081500,61.7504000,61.7870000,61.6890000,61.7220000,469
20200103,083000,61.7292000,61.7510000,61.6870000,61.7255000,382
20200103,084500,61.7341000,61.7466000,61.6840000,61.7022000,269
20200103,090000,61.7260000,61.7370000,61.6840000,61.7142000,163
20200103,091500,61.7138000,61.7485000,61.6870000,61.7159000,91
20200103,093000,61.7184000,61.8829000,61.6920000,61.7990000,451
20200103,094500,61.8216000,61.8700000,61.7890000,61.8430000,200
20200103,100000,61.8522000,61.8540000,61.7580000,61.7857000,388
20200103,101500,61.7857000,61.9113000,61.7500000,61.9102000,9539
20200103,103000,61.8964000,62.0161000,61.8570000,62.0045000,8876
20200103,104500,62.0045000,62.1049000,61.9740000,62.0475000,10199
20200103,110000,62.0420000,62.2165000,61.9970000,62.2135000,11825
20200103,111500,62.2128000,62.2355000,62.0270000,62.0849000,10989
20200103,113000,62.0858000,62.0971000,61.9430000,62.0106000,8350
20200103,114500,62.0100000,62.0355000,61.8830000,61.9971000,8739
20200103,120000,61.9900000,62.0490000,61.9381000,61.9910000,7538
20200103,121500,61.9913000,62.0782000,61.9440000,62.0750000,8862
20200103,123000,62.0840000,62.0912000,61.9680000,62.0149000,7999
20200103,124500,62.0154000,62.0665000,61.9680000,62.0465000,8015
20200103,130000,62.0282000,62.1174000,61.9810000,62.0901000,8703
20200103,131500,62.0901000,62.0995000,61.9940000,62.0622000,9352
20200103,133000,62.0460000,62.0697000,61.9314000,62.0041000,9661
20200103,134500,62.0137000,62.0547000,61.9480000,62.0458000,8268
20200103,140000,62.0539000,62.0584000,61.9800000,62.0363000,6496
20200103,141500,62.0363000,62.0734000,61.9670000,62.0418000,9210
20200103,143000,62.0228000,62.0557000,61.9750000,62.0399000,9448
20200103,144500,62.0443000,62.0722000,61.9932000,62.0577000,7255
20200103,150000,62.0387000,62.0847000,61.9934000,62.0016000,8516
20200103,151500,62.0519000,62.0745000,61.9929000,62.0561000,8939
20200103,153000,62.0564000,62.0702000,61.9835000,62.0472000,8006
20200103,154500,62.0390000,62.0659000,61.9850000,62.0464000,5683
20200103,160000,62.0500000,62.0720000,61.9810000,62.0474000,5923
20200103,161500,62.0501000,62.0623000,61.9480000,61.9990000,6943
20200103,163000,62.0042000,62.0125000,61.8910000,61.9525000,7627
20200103,164500,61.9496000,62.0164000,61.8640000,61.9998000,8189
20200103,170000,62.0018000,62.0139000,61.9370000,62.0024000,7830
20200103,171500,62.0015000,62.0148000,61.9330000,62.0084000,8773
20200103,173000,62.0080000,62.0368000,61.9470000,61.9700000,6767
20200103,174500,62.0100000,62.0263000,61.9003000,61.9717000,8237
20200103,180000,61.9713000,62.0057000,61.9000000,61.9627000,9340
20200103,181500,61.8890000,61.9927000,61.8660000,61.8790000,9803
20200103,183000,61.9290000,61.9720000,61.8700000,61.9494000,7449
20200103,184500,61.9497000,61.9870000,61.9040000,61.9620000,5922
20200103,190000,61.9140000,61.9819000,61.8375000,61.8928000,4961
20200103,191500,61.9110000,61.9500000,61.8470000,61.9000000,5894
20200103,193000,61.9069000,61.9496000,61.8460000,61.9386000,5000
20200103,194500,61.9386000,61.9470000,61.8557000,61.9365000,3900
20200103,200000,61.9356000,61.9500000,61.8815000,61.9390000,2785
20200103,201500,61.9350000,61.9720000,61.8832000,61.9640000,3086
20200103,203000,61.9745000,61.9756000,61.9148000,61.9564000,1871
20200103,204500,61.9649000,61.9690000,61.9140000,61.9535000,1744
20200103,210000,61.9618000,61.9765000,61.9100000,61.9180000,1784
20200103,211500,61.9686000,61.9990000,61.9092000,61.9899000,2198
20200103,213000,61.9840000,62.0124000,61.9370000,61.9590000,2167
20200103,214500,62.0069000,62.0500000,61.9560000,62.0085000,4343
20200103,220000,62.0441000,62.0928000,61.9936000,62.0655000,3360
20200103,221500,62.1074000,62.1086000,62.0090000,62.0615000,3664
20200103,223000,62.0678000,62.0737000,62.0068000,62.0230000,3540
20200103,224500,62.0726000,62.0930000,62.0216000,62.0890000,2584
20200103,230000,62.0907000,62.0956000,62.0360000,62.0439000,1834
20200103,231500,62.0933000,62.1000000,62.0413000,62.0925000,1755
20200103,233000,62.0935000,62.1000000,62.0400000,62.0991000,1720
20200103,234500,62.0991000,62.1004000,62.0337000,62.0380000,1596
20200104,000000,62.0380000,62.1026000,61.9910000,61.9960000,1871
20200104,001500,62.0445000,62.0803000,61.9970000,62.0490000,465
20200104,003000,62.0698000,62.0715000,62.0340000,62.0490000,252
20200104,004500,62.0457000,62.0715000,62.0380000,62.0450000,312
20200104,010000,62.0746000,62.0840000,62.0025000,62.0690000,404
20200104,011500,62.0964000,62.0964000,62.0600000,62.0871000,5
20200104,013000,62.0871000,62.0871000,62.0690000,62.0690000,5
20200104,014500,62.0933000,62.0933000,62.0933000,62.0933000,1
20200105,211500,61.8000000,62.0320000,61.8000000,62.0320000,3
20200105,221500,62.4895000,62.4902000,62.4850000,62.4902000,3
20200105,223000,62.5115000,62.5115000,62.4900000,62.5064000,4
20200105,224500,62.5064000,62.5064000,62.5064000,62.5064000,3
20200105,230000,62.5064000,62.5064000,62.5064000,62.5064000,1
20200105,231500,62.1303000,62.1303000,62.1303000,62.1303000,2
20200105,233000,62.1472000,62.1472000,62.1136000,62.1136000,3
20200105,234500,62.1305000,62.1305000,62.1305000,62.1305000,1
20200106,003000,62.0274000,62.4550000,62.0191000,62.4550000,4
20200106,004500,62.4720000,62.4745000,62.0690000,62.4675000,6
20200106,010000,62.4956000,62.4973000,62.4500000,62.4675000,5
20200106,011500,62.0300000,62.1900000,62.0300000,62.1767000,7
20200106,013000,62.0685000,62.2428000,62.0460000,62.2150000,29
20200106,014500,62.2287000,62.3761000,62.1535000,62.3594000,35
20200106,020000,62.3725000,62.3736000,62.1649000,62.1838000,13
20200106,021500,62.1994000,62.1994000,62.1074000,62.1494000,150
20200106,023000,62.0767000,62.1858000,62.0612000,62.1361000,120
20200106,024500,62.0553000,62.1856000,62.0553000,62.1382000,54
20200106,030000,62.0610000,62.1840000,62.0610000,62.1626000,90
20200106,031500,62.0765000,62.1629000,62.0685000,62.0941000,109
20200106,033000,62.0652000,62.1086000,62.0589000,62.0859000,76
20200106,034500,62.0571000,62.1260000,62.0449000,62.0449000,126
20200106,040000,62.0559000,62.0818000,62.0430000,62.0453000,67
20200106,041500,62.0664000,62.0667000,62.0440000,62.0451000,41
20200106,043000,62.0694000,62.0694000,62.0433000,62.0438000,53
20200106,044500,62.0679000,62.0724000,62.0417000,62.0418000,57
20200106,050000,62.0712000,62.0712000,62.0419000,62.0467000,61
20200106,051500,62.0692000,62.0692000,62.0441000,62.0444000,66
20200106,053000,62.0664000,62.0669000,62.0424000,62.0424000,56
20200106,054500,62.0680000,62.0680000,62.0415000,62.0457000,72
20200106,060000,62.0776000,62.0776000,62.0424000,62.0425000,36
20200106,061500,62.0614000,62.0684000,62.0411000,62.0426000,48
20200106,063000,62.0414000,62.0763000,62.0411000,62.0464000,39
20200106,064500,62.0661000,62.1120000,62.0421000,62.0553000,143
20200106,070000,62.1092000,62.1170000,62.0479000,62.0860000,241
20200106,071500,62.0891000,62.1210000,62.0000000,62.1210000,482
20200106,073000,62.1164000,62.1452000,62.0890000,62.1000000,473
20200106,074500,62.1301000,62.1471000,62.0844000,62.1085000,215
20200106,080000,62.1337000,62.1338000,62.0876000,62.1320000,170
20200106,081500,62.1000000,62.1469000,62.0609000,62.0720000,193
20200106,083000,62.0689000,62.1452000,62.0650000,62.1000000,202
20200106,084500,62.1343000,62.1450000,62.0725000,62.1087000,654
20200106,090000,62.1365000,62.1453000,62.0950000,62.1157000,363
20200106,091500,62.1493000,62.1493000,62.0750000,62.1132000,418
20200106,093000,62.1378000,62.1670000,62.0850000,62.1572000,379
20200106,094500,62.1848000,62.1920000,62.1170000,62.1170000,459
20200106,100000,62.1654000,62.1669000,62.1170000,62.1590000,269
20200106,101500,62.1474000,62.3600000,62.0925000,62.2625000,16727
20200106,103000,62.2720000,62.2913000,62.1310000,62.2191000,10708
20200106,104500,62.2294000,62.2384000,62.0750000,62.1210000,10292
20200106,110000,62.1120000,62.1987000,62.0860000,62.1957000,7182
20200106,111500,62.1947000,62.2006000,62.0950000,62.1527000,12048
20200106,113000,62.1738000,62.1804000,62.0810000,62.1779000,9846
20200106,114500,62.1750000,62.2250000,62.1210000,62.1895000,6418
20200106,120000,62.1895000,62.2155000,62.1251000,62.1593000,15356
20200106,121500,62.1283000,62.2024000,62.1028000,62.1640000,9425
20200106,123000,62.1748000,62.1994000,62.1150000,62.1827000,7552
20200106,124500,62.1829000,62.2014000,62.0768000,62.0913000,10284
20200106,130000,62.1433000,62.1507000,62.0530000,62.1096000,11117
20200106,131500,62.0592000,62.1178000,62.0099000,62.0855000,10227
20200106,133000,62.0877000,62.0914000,61.9599000,61.9942000,8918
20200106,134500,61.9942000,62.0775000,61.9795000,62.0689000,9267
20200106,140000,62.0708000,62.0824000,61.9959000,62.0539000,7749
20200106,141500,62.0034000,62.0850000,61.9967000,62.0598000,6320
20200106,143000,62.0813000,62.0939000,61.9810000,62.0295000,6393
20200106,144500,61.9958000,62.0568000,61.9657000,62.0418000,9104
20200106,150000,62.0400000,62.0544000,61.9781000,62.0348000,8618
20200106,151500,62.0348000,62.0592000,61.9661000,62.0522000,11291
20200106,153000,62.0527000,62.0622000,61.9802000,62.0354000,10628
20200106,154500,62.0325000,62.0450000,61.9551000,61.9603000,10055
20200106,160000,61.9603000,62.0172000,61.9068000,61.9678000,12265
20200106,161500,61.9682000,62.0013000,61.9005000,61.9943000,9019
20200106,163000,61.9450000,61.9986000,61.9151000,61.9628000,7411
20200106,164500,61.9818000,61.9818000,61.8582000,61.9060000,9212
20200106,170000,61.9231000,61.9479000,61.8500000,61.9080000,6962
20200106,171500,61.8620000,61.9632000,61.8580000,61.9531000,7684
20200106,173000,61.9662000,61.9727000,61.9030000,61.9172000,9714
20200106,174500,61.9178000,61.9813000,61.8835000,61.9110000,9975
20200106,180000,61.9518000,62.0032000,61.9135000,61.9780000,8610
20200106,181500,61.9985000,62.0041000,61.8720000,61.9204000,9054
20200106,183000,61.8720000,61.9350000,61.7662000,61.8425000,11657
20200106,184500,61.8406000,61.8600000,61.6990000,61.8090000,12184
20200106,190000,61.8089000,61.8400000,61.7203000,61.7840000,5921
20200106,191500,61.7850000,61.8240000,61.7110000,61.7880000,8202
20200106,193000,61.7400000,61.8050000,61.7282000,61.7763000,7135
20200106,194500,61.7310000,61.7864000,61.6780000,61.7777000,5233
20200106,200000,61.7839000,61.8112000,61.7150000,61.8088000,4512
20200106,201500,61.8087000,61.8300000,61.7580000,61.8173000,2692
20200106,203000,61.8283000,61.8690000,61.7759000,61.8328000,3096
20200106,204500,61.8320000,61.8490000,61.7360000,61.8060000,3568
20200106,210000,61.8187000,61.8266000,61.7340000,61.7400000,5093
20200106,211500,61.7400000,61.7904000,61.6980000,61.7480000,4812
20200106,213000,61.7478000,61.7670000,61.6870000,61.7611000,5111
20200106,214500,61.7150000,61.7740000,61.7020000,61.7565000,4663
20200106,220000,61.7565000,61.7666000,61.7030000,61.7535000,4240
20200106,221500,61.7535000,61.8010000,61.7010000,61.7787000,4514
20200106,223000,61.7780000,61.8050000,61.7220000,61.7949000,4021
20200106,224500,61.8078000,61.8111000,61.7460000,61.7890000,2321
20200106,230000,61.7990000,61.8128000,61.7250000,61.7894000,3666
20200106,231500,61.7891000,61.8010000,61.7290000,61.7895000,2396
20200106,233000,61.7863000,61.8184000,61.7350000,61.8170000,2266
20200106,234500,61.8170000,61.8214000,61.7630000,61.8170000,2077
20200107,000000,61.8172000,61.8390000,61.7340000,61.7653000,1795
20200107,001500,61.7690000,61.7800000,61.7160000,61.7343000,544
20200107,003000,61.7378000,61.7556000,61.7160000,61.7410000,348
20200107,004500,61.7541000,61.8200000,61.7290000,61.7420000,620
20200107,010000,61.7835000,61.8458000,61.7360000,61.7630000,624
20200107,011500,61.7665000,61.8080000,61.7610000,61.7757000,60
20200107,013000,61.8070000,61.8070000,61.7512000,61.7816000,181
20200107,014500,61.7851000,61.7970000,61.7640000,61.7840000,216
20200107,020000,61.7815000,61.7942000,61.7690000,61.7840000,209
20200107,021500,61.7814000,61.8150000,61.7760000,61.8125000,218
20200107,023000,61.8101000,61.8190000,61.7812000,61.8085000,37
20200107,024500,61.7726000,61.8237000,61.7726000,61.8160000,125
20200107,030000,61.8160000,61.8221000,61.7814000,61.8106000,228
20200107,031500,61.8165000,61.8201000,61.7880000,61.8103000,162
20200107,033000,61.7814000,61.8201000,61.7814000,61.8120000,115
20200107,034500,61.7890000,61.8183000,61.7880000,61.7983000,118
20200107,040000,61.7914000,61.8153000,61.7893000,61.7973000,20
20200107,041500,61.7966000,61.8173000,61.7926000,61.8011000,29
20200107,043000,61.8156000,61.8222000,61.7795000,61.7890000,179
20200107,044500,61.7880000,61.8195000,61.7880000,61.7890000,163
20200107,050000,61.7774000,61.8178000,61.7774000,61.7880000,147
20200107,051500,61.8167000,61.8214000,61.7871000,61.8156000,180
20200107,053000,61.8190000,61.8202000,61.7880000,61.7890000,189
20200107,054500,61.7917000,61.8200000,61.7880000,61.7880000,179
20200107,060000,61.8163000,61.8257000,61.7860000,61.7860000,216
20200107,061500,61.8206000,61.8206000,61.7860000,61.7860000,171
20200107,063000,61.7898000,61.8075000,61.7860000,61.7890000,177
20200107,064500,61.7984000,61.8202000,61.7880000,61.8057000,165
20200107,070000,61.8031000,61.8203000,61.7880000,61.7880000,142
20200107,071500,61.8183000,61.8186000,61.7880000,61.7880000,174
20200107,073000,61.7945000,61.8203000,61.7860000,61.7860000,84
20200107,074500,61.7966000,61.8208000,61.7860000,61.7860000,175
20200107,080000,61.8141000,61.8194000,61.7860000,61.8079000,72
20200107,081500,61.8205000,61.8205000,61.7960000,61.8045000,17
20200107,083000,61.8220000,61.8220000,61.7956000,61.8029000,19
20200107,084500,61.7969000,61.8070000,61.7962000,61.8070000,17
20200107,090000,61.7961000,61.8201000,61.7820000,61.7870000,22
20200107,091500,61.7866000,61.8327000,61.7800000,61.7957000,257
20200107,093000,61.8168000,61.8180000,61.7800000,61.7982000,226
20200107,094500,61.7986000,61.8128000,61.7670000,61.7670000,314
20200107,100000,61.8000000,61.8300000,61.7670000,61.8070000,526
20200107,101500,61.7760000,61.8200000,61.7450000,61.7500000,771
20200107,103000,61.7811000,61.8300000,61.6915000,61.7565000,1265
20200107,104500,61.7476000,61.8350000,61.7197000,61.8216000,1581
20200107,110000,61.8330000,61.8330000,61.7400000,61.7697000,1071
20200107,111500,61.7697000,61.7900000,61.7000000,61.7400000,1476
20200107,113000,61.7586000,61.7700000,61.7100000,61.7430000,938
20200107,114500,61.7623000,61.7650000,61.6790000,61.7173000,1346
20200107,120000,61.7120000,61.7307000,61.5600000,61.6732000,3336
20200107,121500,61.6744000,61.7000000,61.5910000,61.6630000,1962
20200107,123000,61.6719000,61.6790000,61.6000000,61.6514000,1031
20200107,124500,61.6620000,61.6899000,61.5800000,61.6188000,1061
20200107,130000,61.6413000,61.6450000,61.5640000,61.6232000,1072
20200107,131500,61.6547000,61.7192000,61.5790000,61.6700000,1861
20200107,133000,61.7113000,61.7963000,61.6585000,61.7900000,1490
20200107,134500,61.8000000,61.8800000,61.7500000,61.8664000,1534
20200107,140000,61.8906000,61.8906000,61.8140000,61.8514000,952
20200107,141500,61.8650000,61.8724000,61.8000000,61.8400000,1061
20200107,143000,61.8484000,61.8633000,61.8000000,61.8310000,943
20200107,144500,61.8407000,61.8874000,61.8000000,61.8440000,1373
20200107,150000,61.8675000,61.9100000,61.8373000,61.8800000,994
20200107,151500,61.9050000,61.9200000,61.8700000,61.8900000,792
20200107,153000,61.9151000,61.9400000,61.8700000,61.9283000,958
20200107,154500,61.9250000,61.9650000,61.9000000,61.9645000,714
20200107,160000,61.9625000,62.0421000,61.9120000,62.0100000,1246
20200107,161500,62.0316000,62.0373000,61.9290000,61.9742000,1615
20200107,163000,61.9600000,61.9850000,61.8848000,61.9410000,1748
20200107,164500,61.9512000,62.0100000,61.9000000,62.0031000,1626
20200107,170000,62.0099000,62.0619000,61.9640000,62.0437000,1548
20200107,171500,62.0437000,62.0582000,61.9703000,62.0314000,2091
20200107,173000,62.0314000,62.0810000,61.9790000,62.0771000,2773
20200107,174500,62.0771000,62.1018000,62.0300000,62.0747000,1491
20200107,180000,62.0894000,62.1176000,62.0130000,62.0517000,2197
20200107,181500,62.0370000,62.0927000,61.9441000,61.9760000,2933
20200107,183000,62.0056000,62.0298000,61.9252000,61.9711000,2828
20200107,184500,61.9905000,61.9919000,61.8890000,61.9713000,3182
20200107,190000,61.9778000,62.0116000,61.9423000,61.9650000,2058
20200107,191500,61.9823000,62.0110000,61.9400000,62.0000000,1911
20200107,193000,61.9990000,62.0378000,61.9500000,62.0320000,1000
20200107,194500,62.0342000,62.0360000,61.9538000,62.0021000,1234
20200107,200000,62.0159000,62.0200000,61.9627000,62.0113000,905
20200107,201500,62.0151000,62.0304000,61.9670000,62.0230000,719
20200107,203000,62.0247000,62.0378000,61.9644000,62.0069000,1020
20200107,204500,62.0221000,62.0256000,61.9560000,61.9896000,666
20200107,210000,61.9867000,62.0040000,61.9233000,61.9810000,1161
20200107,211500,62.0000000,62.0000000,61.9442000,61.9740000,553
20200107,213000,62.0025000,62.0025000,61.9192000,61.9670000,681
20200107,214500,61.9800000,61.9958000,61.9398000,61.9670000,392
20200107,220000,61.9893000,61.9893000,61.9075000,61.9610000,502
20200107,221500,61.9442000,61.9653000,61.8960000,61.9050000,807
20200107,223000,61.9487000,61.9850000,61.8985000,61.9663000,850
20200107,224500,61.9861000,62.0048000,61.9459000,61.9900000,660
20200107,230000,61.9962000,62.0056000,61.9550000,61.9770000,459
20200107,231500,62.0031000,62.0140000,61.9503000,62.0050000,640
20200107,233000,62.0118000,62.0150000,61.8973000,61.9090000,1142
20200107,234500,61.9090000,61.9696000,61.8790000,61.9310000,989
20200108,000000,61.9725000,61.9767000,61.9144000,61.9267000,789
20200108,001500,61.9476000,61.9630000,61.9220000,61.9440000,389
20200108,003000,61.9579000,61.9650000,61.9200000,61.9400000,359
20200108,004500,61.9570000,61.9940000,61.9170000,61.9400000,440
20200108,010000,61.9763000,62.0450000,61.9091000,61.9784000,536
20200108,011500,61.9390000,61.9940000,61.9104000,61.9589000,59
20200108,013000,61.9842000,61.9939000,61.9286000,61.9380000,201
20200108,014500,61.9500000,61.9970000,61.9380000,61.9711000,212
20200108,020000,61.9746000,62.0002000,61.9380000,61.9500000,212
20200108,021500,61.9934000,61.9946000,61.9500000,61.9654000,307
20200108,023000,61.9966000,61.9966000,61.9130000,61.9336000,394
20200108,024500,61.9756000,62.0830000,61.9200000,62.0092000,488
20200108,030000,62.0595000,62.0650000,61.9868000,62.0155000,384
20200108,031500,62.0419000,62.0650000,61.9800000,62.0140000,405
20200108,033000,62.0147000,62.0566000,62.0100000,62.0110000,420
20200108,034500,62.0306000,62.0606000,62.0100000,62.0400000,283
20200108,040000,62.0632000,62.0645000,62.0200000,62.0518000,349
20200108,041500,62.0652000,62.0686000,62.0000000,62.0300000,335
20200108,043000,62.0260000,62.0820000,62.0260000,62.0677000,223
20200108,044500,62.0482000,62.0825000,62.0481000,62.0554000,77
20200108,050000,62.0835000,62.0852000,62.0260000,62.0632000,91
20200108,051500,62.0614000,62.0856000,62.0260000,62.0696000,66
20200108,053000,62.0850000,62.0860000,62.0550000,62.0654000,103
20200108,054500,62.0845000,62.0856000,62.0498000,62.0664000,43
20200108,060000,62.0850000,62.0850000,62.0000000,62.0589000,69
20200108,061500,62.0590000,62.0682000,61.9800000,61.9840000,282
20200108,063000,62.0128000,62.0870000,61.9725000,62.0220000,508
20200108,064500,62.0612000,62.0826000,62.0200000,62.0370000,297
20200108,070000,62.0611000,62.0911000,62.0370000,62.0810000,332
20200108,071500,62.0570000,62.0915000,62.0559000,62.0910000,167
20200108,073000,62.0561000,62.1320000,62.0000000,62.0500000,383
20200108,074500,62.0448000,62.0681000,62.0200000,62.0500000,189
20200108,080000,62.0505000,62.0811000,61.9460000,61.9460000,316
20200108,081500,61.9777000,61.9777000,61.9170000,61.9570000,213
20200108,083000,61.9604000,61.9900000,61.9200000,61.9590000,304
20200108,084500,61.9796000,62.0270000,61.8050000,61.8170000,498
20200108,090000,61.8455000,61.8498000,61.8000000,61.8330000,408
20200108,091500,61.8419000,61.8501000,61.7900000,61.8240000,340
20200108,093000,61.8303000,61.8437000,61.7920000,61.8281000,432
20200108,094500,61.8427000,61.8629000,61.7970000,61.8222000,440
20200108,100000,61.8400000,61.8800000,61.8100000,61.8300000,582
20200108,101500,61.8472000,61.9500000,61.7207000,61.7884000,12559
20200108,103000,61.7864000,61.8769000,61.7092000,61.8284000,14928
20200108,104500,61.7773000,61.8583000,61.7413000,61.8228000,16112
20200108,110000,61.7720000,61.8237000,61.7100000,61.7252000,12858
20200108,111500,61.7757000,61.8270000,61.7010000,61.7966000,21166
20200108,113000,61.7767000,61.8796000,61.7300000,61.8545000,18180
20200108,114500,61.8366000,61.9279000,61.7749000,61.8588000,12929
20200108,120000,61.8588000,61.9666000,61.8320000,61.8782000,14696
20200108,121500,61.9127000,61.9315000,61.8162000,61.8632000,13698
20200108,123000,61.8825000,61.9050000,61.7820000,61.8410000,16654
20200108,124500,61.7860000,61.8700000,61.7740000,61.8121000,9902
20200108,130000,61.8631000,61.9047000,61.7936000,61.8734000,9711
20200108,131500,61.8895000,61.9514000,61.8414000,61.9381000,10021
20200108,133000,61.9381000,61.9856000,61.8590000,61.9129000,13753
20200108,134500,61.9129000,61.9861000,61.8721000,61.9222000,12504
20200108,140000,61.8728000,61.9450000,61.8440000,61.9270000,11785
20200108,141500,61.8823000,61.9388000,61.8221000,61.8720000,11053
20200108,143000,61.8856000,61.9030000,61.7636000,61.8259000,13067
20200108,144500,61.8089000,61.8401000,61.7487000,61.8094000,11492
20200108,150000,61.8094000,61.8400000,61.7215000,61.7810000,16190
20200108,151500,61.8295000,61.8460000,61.7480000,61.8062000,11556
20200108,153000,61.8000000,61.8326000,61.7292000,61.8263000,9553
20200108,154500,61.7724000,61.8294000,61.6980000,61.7218000,11103
20200108,160000,61.7705000,61.7850000,61.6210000,61.6926000,16314
20200108,161500,61.7430000,61.7750000,61.6660000,61.6849000,10033
20200108,163000,61.6849000,61.7782000,61.6678000,61.7093000,10501
20200108,164500,61.6771000,61.7300000,61.6400000,61.7245000,7763
20200108,170000,61.7250000,61.7480000,61.6489000,61.7132000,8418
20200108,171500,61.7132000,61.7200000,61.6070000,61.6214000,10219
20200108,173000,61.6677000,61.7100000,61.6050000,61.6791000,10833
20200108,174500,61.6601000,61.7378000,61.5860000,61.6733000,11888
20200108,180000,61.6718000,61.7270000,61.6155000,61.6650000,10598
20200108,181500,61.6710000,61.6901000,61.5853000,61.6470000,9198
20200108,183000,61.6038000,61.6750000,61.5030000,61.5487000,10888
20200108,184500,61.5530000,61.6680000,61.5060000,61.6044000,12808
20200108,190000,61.5768000,61.6600000,61.5330000,61.5896000,5086
20200108,191500,61.5886000,61.6598000,61.5240000,61.6592000,7772
20200108,193000,61.6545000,61.7010000,61.5722000,61.6183000,4854
20200108,194500,61.6244000,61.6487000,61.4784000,61.5100000,6643
20200108,200000,61.5408000,61.5615000,61.3830000,61.4542000,9058
20200108,201500,61.4060000,61.4779000,61.2760000,61.3643000,9709
20200108,203000,61.3643000,61.3879000,61.0550000,61.2182000,10471
20200108,204500,61.2176000,61.2600000,61.1090000,61.1904000,8584
20200108,210000,61.1880000,61.2084000,61.0226000,61.0867000,7808
20200108,211500,61.0867000,61.1513000,61.0346000,61.1329000,8112
20200108,213000,61.1502000,61.1802000,61.0772000,61.1095000,6492
20200108,214500,61.1225000,61.2331000,61.0809000,61.2232000,6015
20200108,220000,61.1717000,61.2300000,61.1344000,61.2198000,4639
20200108,221500,61.1683000,61.2460000,61.1488000,61.2387000,5743
20200108,223000,61.2430000,61.2600000,61.1457000,61.2027000,6676
20200108,224500,61.2033000,61.2206000,61.1027000,61.2150000,4422
20200108,230000,61.2206000,61.2558000,61.1584000,61.1780000,3285
20200108,231500,61.1770000,61.2400000,61.1645000,61.2212000,2677
20200108,233000,61.2189000,61.2367000,61.1481000,61.2061000,2423
20200108,234500,61.1998000,61.2263000,61.1555000,61.2188000,1420
20200109,000000,61.2138000,61.2544000,61.1515000,61.2420000,1291
20200109,001500,61.2318000,61.2500000,61.1752000,61.2180000,680
20200109,003000,61.2333000,61.2902000,61.1856000,61.2350000,584
20200109,004500,61.2458000,61.2590000,61.2000000,61.2245000,239
20200109,010000,61.2535000,61.2721000,61.2170000,61.2300000,260
20200109,011500,61.2605000,61.2810000,61.1710000,61.2140000,68
20200109,013000,61.2829000,61.2829000,61.1660000,61.2100000,239
20200109,014500,61.2253000,61.2460000,61.1920000,61.2132000,29
20200109,020000,61.2273000,61.2273000,61.1980000,61.2100000,8
20200109,021500,61.2226000,61.2400000,61.2125000,61.2250000,171
20200109,023000,61.2269000,61.2650000,61.1735000,61.2230000,167
20200109,024500,61.2462000,61.2462000,61.2200000,61.2431000,48
20200109,030000,61.2441000,61.3080000,61.1980000,61.2710000,167
20200109,031500,61.3042000,61.3069000,61.2700000,61.2911000,156
20200109,033000,61.3040000,61.3100000,61.2620000,61.2710000,127
20200109,034500,61.3012000,61.3012000,61.2300000,61.2640000,252
20200109,040000,61.2568000,61.2800000,61.2250000,61.2461000,441
20200109,041500,61.2594000,61.2750000,61.2320000,61.2640000,380
20200109,043000,61.2604000,61.2780000,61.2246000,61.2640000,299
20200109,044500,61.2603000,61.2700000,61.1916000,61.2350000,371
20200109,050000,61.2208000,61.2800000,61.1778000,61.2200000,443
20200109,051500,61.2304000,61.2450000,61.1900000,61.2160000,262
20200109,053000,61.2299000,61.2500000,61.1900000,61.2180000,364
20200109,054500,61.2354000,61.2580000,61.2000000,61.2270000,301
20200109,060000,61.2267000,61.2650000,61.2000000,61.2000000,291
20200109,061500,61.2471000,61.2650000,61.2000000,61.2530000,276
20200109,063000,61.2596000,61.2610000,61.2290000,61.2530000,247
20200109,064500,61.2689000,61.2900000,61.2150000,61.2668000,345
20200109,070000,61.2698000,61.2900000,61.1707000,61.1980000,633
20200109,071500,61.1845000,61.2108000,61.1580000,61.1950000,219
20200109,073000,61.2173000,61.2173000,61.1563000,61.1980000,164
20200109,074500,61.2039000,61.3330000,61.1540000,61.2620000,467
20200109,080000,61.3003000,61.3198000,61.2390000,61.3187000,110
20200109,081500,61.3049000,61.3580000,61.2490000,61.3290000,232
20200109,083000,61.3238000,61.3600000,61.2680000,61.3290000,267
20200109,084500,61.3181000,61.3450000,61.2680000,61.2900000,265
20200109,090000,61.3282000,61.3400000,61.2600000,61.3290000,451
20200109,091500,61.3200000,61.3624000,61.2700000,61.3267000,588
20200109,093000,61.3271000,61.3660000,61.2770000,61.3600000,680
20200109,094500,61.3615000,61.3850000,61.3120000,61.3510000,731
20200109,100000,61.3646000,61.3880000,61.3010000,61.3070000,802
20200109,101500,61.3200000,61.4021000,61.2050000,61.2550000,16654
20200109,103000,61.2525000,61.2627000,61.0620000,61.1283000,18347
20200109,104500,61.1785000,61.2460000,61.1185000,61.2313000,16676
20200109,110000,61.1810000,61.2360000,61.1092000,61.1634000,19853
20200109,111500,61.1634000,61.2043000,61.1008000,61.1970000,22393
20200109,113000,61.1957000,61.2186000,61.0963000,61.1122000,24807
20200109,114500,61.1428000,61.2016000,61.1094000,61.1620000,16810
20200109,120000,61.1661000,61.1826000,61.1009000,61.1625000,11538
20200109,121500,61.1458000,61.1825000,61.1054000,61.1138000,10389
20200109,123000,61.1412000,61.1856000,61.0843000,61.1680000,12830
20200109,124500,61.1220000,61.2246000,61.1080000,61.1536000,11709
20200109,130000,61.1805000,61.2073000,61.1170000,61.1775000,11851
20200109,131500,61.1775000,61.2070000,61.1251000,61.1776000,8932
20200109,133000,61.1771000,61.2103000,61.1104000,61.1475000,9703
20200109,134500,61.1990000,61.2068000,61.1303000,61.2002000,9360
20200109,140000,61.1524000,61.2160000,61.1229000,61.1458000,8694
20200109,141500,61.1458000,61.2042000,61.1286000,61.1508000,10598
20200109,143000,61.1821000,61.2223000,61.1440000,61.1982000,9355
20200109,144500,61.1827000,61.2324000,61.1434000,61.2281000,9187
20200109,150000,61.2290000,61.2606000,61.1710000,61.2551000,10587
20200109,151500,61.2554000,61.2801000,61.1736000,61.2376000,10651
20200109,153000,61.2255000,61.2766000,61.1770000,61.2573000,10669
20200109,154500,61.2572000,61.2691000,61.1811000,61.2171000,11291
20200109,160000,61.2240000,61.2640000,61.1750000,61.2462000,8796
20200109,161500,61.1961000,61.2867000,61.1930000,61.2330000,7818
20200109,163000,61.2840000,61.3051000,61.2256000,61.2927000,8237
20200109,164500,61.2875000,61.3000000,61.1920000,61.2544000,9107
20200109,170000,61.2445000,61.2840000,61.1832000,61.2334000,9839
20200109,171500,61.2334000,61.3433000,61.2334000,61.2640000,12366
20200109,173000,61.2935000,61.3589000,61.2124000,61.2683000,11386
20200109,174500,61.2675000,61.2968000,61.1972000,61.2260000,10813
20200109,180000,61.2756000,61.2877000,61.1509000,61.2127000,11628
20200109,181500,61.2127000,61.3104000,61.1500000,61.2542000,13541
20200109,183000,61.3041000,61.3504000,61.2453000,61.3328000,9596
20200109,184500,61.3328000,61.3659000,61.2714000,61.3287000,10842
20200109,190000,61.3250000,61.3463000,61.2411000,61.2950000,8087
20200109,191500,61.2950000,61.3600000,61.2437000,61.2943000,7907
20200109,193000,61.3254000,61.3454000,61.2565000,61.3090000,7186
20200109,194500,61.2565000,61.3150000,61.2112000,61.2633000,3624
20200109,200000,61.2533000,61.2917000,61.1940000,61.2905000,5410
20200109,201500,61.2905000,61.3055000,61.2242000,61.2962000,7252
20200109,203000,61.2962000,61.3090000,61.2249000,61.2310000,4755
20200109,204500,61.2827000,61.3190000,61.2180000,61.3140000,5711
20200109,210000,61.3172000,61.3200000,61.2220000,61.2835000,6081
20200109,211500,61.2839000,61.2900000,61.2180000,61.2869000,6719
20200109,213000,61.2898000,61.3020000,61.2320000,61.2920000,4443
20200109,214500,61.2936000,61.3100000,61.2442000,61.2531000,3262
20200109,220000,61.2531000,61.3088000,61.2499000,61.3041000,2571
20200109,221500,61.2552000,61.3145000,61.2494000,61.3001000,4105
20200109,223000,61.3048000,61.3100000,61.2430000,61.2987000,3190
20200109,224500,61.2987000,61.3020000,61.2240000,61.2750000,2821
20200109,230000,61.2809000,61.2900000,61.2290000,61.2750000,2360
20200109,231500,61.2370000,61.3062000,61.2370000,61.3035000,1738
20200109,233000,61.2976000,61.3049000,61.2200000,61.2544000,2191
20200109,234500,61.2741000,61.2900000,61.2237000,61.2655000,1963
20200110,000000,61.2865000,61.3345000,61.2330000,61.2830000,1581
20200110,001500,61.2825000,61.3474000,61.2571000,61.2800000,461
20200110,003000,61.3151000,61.3184000,61.2660000,61.2780000,342
20200110,004500,61.2859000,61.3228000,61.2530000,61.2805000,319
20200110,010000,61.3068000,61.3530000,61.2650000,61.2720000,277
20200110,011500,61.3067000,61.3250000,61.2260000,61.2553000,55
20200110,013000,61.2941000,61.3200000,61.0760000,61.2880000,490
20200110,014500,61.2525000,61.3033000,61.2378000,61.2910000,341
20200110,020000,61.2809000,61.3030000,61.2490000,61.2900000,312
20200110,021500,61.2804000,61.3020000,61.2420000,61.2910000,289
20200110,023000,61.2828000,61.3010000,61.2490000,61.2500000,348
20200110,024500,61.2910000,61.3010000,61.2500000,61.2900000,192
20200110,030000,61.2826000,61.2910000,61.2525000,61.2910000,180
20200110,031500,61.2832000,61.2910000,61.2525000,61.2900000,225
20200110,033000,61.2834000,61.3010000,61.2470000,61.2900000,219
20200110,034500,61.2792000,61.3010000,61.2210000,61.2304000,232
20200110,040000,61.2737000,61.2930000,61.2300000,61.2820000,419
20200110,041500,61.2720000,61.3233000,61.2188000,61.2370000,534
20200110,043000,61.2488000,61.2670000,61.2200000,61.2370000,345
20200110,044500,61.2300000,61.2580000,61.2300000,61.2370000,220
20200110,050000,61.2575000,61.2578000,61.2300000,61.2370000,220
20200110,051500,61.2441000,61.2571000,61.1940000,61.2360000,267
20200110,053000,61.2374000,61.2650000,61.1912000,61.2350000,727
20200110,054500,61.2742000,61.2742000,61.1973000,61.2200000,315
20200110,060000,61.2449000,61.2449000,61.1890000,61.2100000,246
20200110,061500,61.2285000,61.2287000,61.1925000,61.2140000,202
20200110,063000,61.2281000,61.2285000,61.1925000,61.2100000,208
20200110,064500,61.2132000,61.2630000,61.1925000,61.2507000,235
20200110,070000,61.2506000,61.2990000,61.2280000,61.2600000,159
20200110,071500,61.2641000,61.3000000,61.2498000,61.2500000,187
20200110,073000,61.2916000,61.2916000,61.2500000,61.2500000,189
20200110,074500,61.2916000,61.2940000,61.2500000,61.2660000,227
20200110,080000,61.2869000,61.2990000,61.2500000,61.2500000,255
20200110,081500,61.2907000,61.3070000,61.2210000,61.2460000,324
20200110,083000,61.2579000,61.2587000,61.2430000,61.2430000,214
20200110,084500,61.2579000,61.2579000,61.2155000,61.2430000,211
20200110,090000,61.2565000,61.2620000,61.2418000,61.2550000,215
20200110,091500,61.2571000,61.2572000,61.2400000,61.2433000,186
20200110,093000,61.2573000,61.2573000,61.1220000,61.2060000,479
20200110,094500,61.1904000,61.2150000,61.1065000,61.2020000,664
20200110,100000,61.1981000,61.2210000,61.1600000,61.1815000,492
20200110,101500,61.1950000,61.2494000,61.1130000,61.2194000,16939
20200110,103000,61.2194000,61.2364000,61.1356000,61.1636000,10955
20200110,104500,61.1636000,61.2872000,61.1590000,61.2800000,12379
20200110,110000,61.2834000,61.3300000,61.2296000,61.3264000,13343
20200110,111500,61.3081000,61.3366000,61.2400000,61.2890000,12448
20200110,113000,61.2908000,61.2912000,61.2172000,61.2192000,11319
20200110,114500,61.2192000,61.3071000,61.2178000,61.2559000,10301
20200110,120000,61.2831000,61.3157000,61.2362000,61.2940000,10865
20200110,121500,61.2436000,61.3020000,61.2359000,61.2744000,7611
20200110,123000,61.2944000,61.3238000,61.2407000,61.2772000,11369
20200110,124500,61.2976000,61.3344000,61.2434000,61.3293000,7200
20200110,130000,61.3232000,61.3468000,61.2464000,61.3401000,11701
20200110,131500,61.3401000,61.3446000,61.2528000,61.2580000,8077
20200110,133000,61.3079000,61.3128000,61.2211000,61.2781000,10990
20200110,134500,61.2274000,61.3010000,61.2270000,61.2489000,7253
20200110,140000,61.2999000,61.3137000,61.2460000,61.2814000,6544
20200110,141500,61.3001000,61.3179000,61.2466000,61.2630000,6764
20200110,143000,61.3146000,61.3232000,61.2605000,61.3170000,6053
20200110,144500,61.3141000,61.3200000,61.2386000,61.2994000,7672
20200110,150000,61.2994000,61.3252000,61.2480000,61.2652000,6382
20200110,151500,61.2938000,61.3309000,61.2557000,61.2733000,7603
20200110,153000,61.3200000,61.3375000,61.2567000,61.3077000,7471
20200110,154500,61.3028000,61.3181000,61.2569000,61.3169000,6568
20200110,160000,61.3173000,61.3292000,61.2454000,61.2763000,8258
20200110,161500,61.2850000,61.3542000,61.2465000,61.3344000,8401
20200110,163000,61.3534000,61.3821000,61.2790000,61.2875000,9605
20200110,164500,61.3273000,61.3336000,61.1392000,61.1878000,26337
20200110,170000,61.1878000,61.2958000,61.1637000,61.2861000,22998
20200110,171500,61.2861000,61.3099000,61.2201000,61.3040000,16551
20200110,173000,61.3025000,61.3714000,61.2116000,61.2776000,23398
20200110,174500,61.2670000,61.3470000,61.2221000,61.3098000,14748
20200110,180000,61.2910000,61.3113000,61.1591000,61.2008000,19111
20200110,181500,61.1689000,61.2217000,61.0000000,61.0745000,23734
20200110,183000,61.0232000,61.0753000,60.8417000,60.9108000,27774
20200110,184500,60.9072000,61.0029000,60.8596000,60.9164000,20627
20200110,190000,60.9650000,60.9696000,60.8300000,60.8932000,15722
20200110,191500,60.8932000,61.0156000,60.8900000,60.9613000,14367
20200110,193000,60.9613000,61.1043000,60.9600000,61.0542000,13557
20200110,194500,61.0545000,61.0897000,60.9713000,61.0277000,12350
20200110,200000,61.0288000,61.0417000,60.9390000,60.9550000,9628
20200110,201500,61.0026000,61.0175000,60.9219000,60.9365000,7531
20200110,203000,60.9868000,61.0221000,60.9360000,61.0096000,7889
20200110,204500,61.0027000,61.0114000,60.8781000,60.9318000,7172
20200110,210000,60.8814000,60.9920000,60.8796000,60.9910000,8337
20200110,211500,60.9873000,61.0248000,60.9380000,61.0030000,8859
20200110,213000,61.0014000,61.0066000,60.9090000,60.9290000,7656
20200110,214500,60.9290000,61.0167000,60.9196000,60.9920000,7043
20200110,220000,61.0069000,61.0238000,60.9544000,61.0180000,4278
20200110,221500,61.0173000,61.0283000,60.9584000,61.0228000,7325
20200110,223000,61.0202000,61.0713000,60.9723000,61.0249000,8286
20200110,224500,61.0242000,61.0900000,60.9935000,61.0563000,5905
20200110,230000,61.0615000,61.0822000,60.9925000,61.0252000,6241
20200110,231500,61.0252000,61.0845000,61.0243000,61.0818000,3090
20200110,233000,61.0726000,61.0818000,61.0139000,61.0605000,2604
20200110,234500,61.0579000,61.0768000,60.9799000,61.0450000,4522
20200111,000000,61.0518000,61.0830000,60.9989000,61.0760000,1434
20200111,001500,61.0755000,61.1200000,60.9750000,61.0110000,692
20200111,003000,61.0213000,61.0650000,60.9620000,61.0460000,399
20200111,004500,61.0573000,61.0600000,61.0383000,61.0460000,216
20200111,010000,61.0538000,61.0600000,60.9821000,61.0140000,325
20200111,011500,61.0118000,61.0248000,61.0118000,61.0248000,3
20200111,013000,61.0114000,61.0114000,61.0114000,61.0114000,3
20200111,014500,61.0114000,61.0140000,61.0114000,61.0140000,2
20200112,211500,61.0050000,61.0100000,61.0040000,61.0040000,4
20200112,220000,61.1300000,61.1600000,61.1300000,61.1600000,4
20200112,221500,61.1703000,61.1703000,61.0050000,61.0641000,8
20200112,223000,61.0668000,61.0668000,61.0668000,61.0668000,3
20200112,224500,61.0668000,61.0668000,61.0668000,61.0668000,2
20200112,233000,61.0250000,61.0250000,61.0250000,61.0250000,1
20200113,000000,61.0520000,61.0741000,61.0510000,61.0741000,4
20200113,001500,61.0741000,61.1287000,60.9395000,61.1287000,14
20200113,003000,61.0136000,61.0136000,61.0100000,61.0100000,3
20200113,004500,61.0075000,61.0092000,61.0059000,61.0092000,3
20200113,010000,61.0021000,61.0076000,61.0021000,61.0070000,3
20200113,011500,61.0092000,61.0665000,61.0092000,61.0125000,20
20200113,013000,61.0580000,61.0580000,60.9466000,60.9502000,18
20200113,014500,60.9582000,61.0550000,60.9582000,60.9874000,25
20200113,020000,60.9895000,61.0708000,60.9895000,61.0708000,3
20200113,021500,60.9948000,61.0694000,60.9948000,61.0421000,97
20200113,023000,61.0686000,61.0850000,61.0380000,61.0562000,136
20200113,024500,61.0762000,61.1492000,61.0136000,61.1238000,74
20200113,030000,61.1415000,61.1425000,61.1000000,61.1254000,41
20200113,031500,61.1411000,61.1440000,61.0043000,61.1160000,205
20200113,033000,61.1344000,61.1344000,61.0910000,61.1210000,10
20200113,034500,61.1326000,61.1326000,60.9558000,61.1200000,73
20200113,040000,60.9820000,60.9996000,60.9768000,60.9985000,19
20200113,041500,60.9754000,61.1160000,60.9754000,61.0741000,69
20200113,043000,61.0768000,61.1000000,60.9849000,61.0471000,72
20200113,044500,61.0403000,61.1553000,61.0403000,61.1000000,230
20200113,050000,61.0898000,61.1490000,61.0898000,61.1000000,88
20200113,051500,61.1255000,61.1490000,61.1000000,61.1000000,76
20200113,053000,61.1020000,61.1254000,60.9825000,61.0500000,284
20200113,054500,61.0890000,61.1200000,61.0435000,61.0970000,244
20200113,060000,61.0714000,61.0984000,61.0400000,61.0708000,148
20200113,061500,61.0801000,61.0890000,61.0360000,61.0667000,269
20200113,063000,61.0238000,61.0850000,61.0238000,61.0365000,409
20200113,064500,61.0500000,61.0764000,60.9075000,61.0125000,200
20200113,070000,61.0468000,61.0660000,61.0125000,61.0509000,92
20200113,071500,61.0635000,61.0635000,61.0125000,61.0125000,69
20200113,073000,61.0483000,61.0520000,61.0125000,61.0125000,78
20200113,074500,61.0490000,61.0526000,61.0125000,61.0125000,76
20200113,080000,61.0483000,61.0500000,61.0125000,61.0500000,83
20200113,081500,61.0125000,61.0544000,61.0125000,61.0261000,96
20200113,083000,61.0261000,61.0618000,61.0250000,61.0259000,128
20200113,084500,61.0259000,61.0779000,61.0254000,61.0579000,199
20200113,090000,61.0579000,61.0735000,61.0190000,61.0680000,173
20200113,091500,61.0787000,61.0900000,60.9871000,61.0450000,336
20200113,093000,61.0495000,61.0810000,61.0190000,61.0632000,354
20200113,094500,61.0719000,61.0800000,61.0270000,61.0592000,204
20200113,100000,61.0786000,61.0786000,60.9585000,61.0220000,659
20200113,101500,61.0360000,61.0461000,60.8390000,60.9137000,16494
20200113,103000,60.9050000,60.9610000,60.8540000,60.9473000,11143
20200113,104500,60.9410000,61.0054000,60.8861000,60.9789000,10821
20200113,110000,60.9567000,60.9800000,60.8800000,60.9357000,7537
20200113,111500,60.8910000,60.9390000,60.8313000,60.8597000,8847
20200113,113000,60.9030000,60.9448000,60.8553000,60.9425000,10987
20200113,114500,60.9420000,60.9503000,60.8600000,60.9120000,10803
20200113,120000,60.9064000,60.9551000,60.8407000,60.8471000,13388
20200113,121500,60.8460000,60.9322000,60.8344000,60.9314000,16247
20200113,123000,60.9309000,60.9433000,60.8422000,60.9295000,11441
20200113,124500,60.8816000,60.9755000,60.8808000,60.9715000,6507
20200113,130000,60.9650000,60.9791000,60.8948000,60.9290000,10081
20200113,131500,60.9290000,61.0472000,60.9253000,61.0399000,15847
20200113,133000,61.0400000,61.0935000,60.9813000,61.0500000,18575
20200113,134500,61.0530000,61.1483000,61.0021000,61.1220000,15154
20200113,140000,61.0870000,61.1600000,61.0722000,61.1232000,14405
20200113,141500,61.0737000,61.1409000,61.0365000,61.0375000,10303
20200113,143000,61.0375000,61.1290000,61.0370000,61.1253000,10433
20200113,144500,61.1089000,61.1358000,61.0144000,61.1024000,12412
20200113,150000,61.1024000,61.1343000,61.0421000,61.0643000,10845
20200113,151500,61.0643000,61.1397000,61.0464000,61.0991000,11051
20200113,153000,61.0991000,61.1146000,61.0185000,61.1078000,10541
20200113,154500,61.1091000,61.1340000,61.0537000,61.1225000,8184
20200113,160000,61.1150000,61.1498000,61.0681000,61.1360000,7567
20200113,161500,61.1149000,61.2241000,61.0836000,61.1880000,12163
20200113,163000,61.1900000,61.2072000,61.1305000,61.2065000,8094
20200113,164500,61.2069000,61.2132000,61.1160000,61.1932000,9558
20200113,170000,61.1873000,61.2516000,61.1430000,61.1925000,9796
20200113,171500,61.1919000,61.2976000,61.1916000,61.2628000,13690
20200113,173000,61.2628000,61.3511000,61.2099000,61.3264000,13188
20200113,174500,61.3180000,61.3631000,61.2290000,61.3470000,22025
20200113,180000,61.3498000,61.3805000,61.2760000,61.3027000,18454
20200113,181500,61.3258000,61.3388000,61.2130000,61.2442000,11743
20200113,183000,61.2625000,61.2738000,61.1951000,61.2500000,11117
20200113,184500,61.2261000,61.3170000,61.1889000,61.2385000,13675
20200113,190000,61.2865000,61.3083000,61.2280000,61.2864000,10450
20200113,191500,61.2684000,61.3290000,61.2233000,61.3280000,11733
20200113,193000,61.3180000,61.3960000,61.2656000,61.2932000,15319
20200113,194500,61.2977000,61.3554000,61.2585000,61.3009000,12848
20200113,200000,61.3120000,61.3409000,61.2540000,61.2874000,5899
20200113,201500,61.3010000,61.3570000,61.2781000,61.2797000,4419
20200113,203000,61.3304000,61.3311000,61.2527000,61.3066000,4971
20200113,204500,61.2927000,61.3243000,61.2292000,61.2740000,8652
20200113,210000,61.2874000,61.2973000,61.1556000,61.2122000,9034
20200113,211500,61.1632000,61.2227000,61.1575000,61.2147000,6270
20200113,213000,61.2147000,61.2223000,61.1614000,61.1675000,5748
20200113,214500,61.1662000,61.2220000,61.1651000,61.2177000,4856
20200113,220000,61.2177000,61.2417000,61.1670000,61.2350000,4057
20200113,221500,61.2344000,61.2736000,61.1886000,61.2712000,3994
20200113,223000,61.2660000,61.2750000,61.2129000,61.2659000,8009
20200113,224500,61.2600000,61.2697000,61.1945000,61.2272000,3749
20200113,230000,61.2404000,61.2513000,61.1946000,61.2450000,3552
20200113,231500,61.2490000,61.2742000,61.1975000,61.2717000,2372
20200113,233000,61.2675000,61.2881000,61.2184000,61.2740000,2714
20200113,234500,61.2720000,61.2869000,61.2240000,61.2700000,3184
20200114,000000,61.2769000,61.2894000,61.2214000,61.2350000,1378
20200114,001500,61.2441000,61.2690000,61.2163000,61.2163000,288
20200114,003000,61.2597000,61.2700000,61.2100000,61.2260000,321
20200114,004500,61.2657000,61.2870000,61.2096000,61.2220000,624
20200114,010000,61.2790000,61.2820000,61.0644000,61.0644000,651
20200114,011500,61.2150000,61.3350000,61.1380000,61.1876000,76
20200114,013000,61.2323000,61.2323000,61.1594000,61.2190000,262
20200114,014500,61.2047000,61.2300000,61.1620000,61.2097000,103
20200114,020000,61.1975000,61.2102000,61.1963000,61.1975000,12
20200114,021500,61.1967000,61.2320000,61.0418000,61.1096000,98
20200114,023000,61.0499000,61.1926000,61.0499000,61.1660000,124
20200114,024500,61.1778000,61.1800000,61.1358000,61.1690000,153
20200114,030000,61.1733000,61.2330000,61.1359000,61.2220000,216
20200114,031500,61.2222000,61.2270000,61.1558000,61.2010000,237
20200114,033000,61.2131000,61.2250000,61.1568000,61.1830000,189
20200114,034500,61.1945000,61.2100000,61.1460000,61.1990000,185
20200114,040000,61.2064000,61.2137000,61.1585000,61.1597000,178
20200114,041500,61.2071000,61.2130000,61.1190000,61.1606000,225
20200114,043000,61.2196000,61.2196000,61.1200000,61.1710000,250
20200114,044500,61.1822000,61.2238000,61.1268000,61.1700000,413
20200114,050000,61.1670000,61.2180000,61.1230000,61.1690000,225
20200114,051500,61.2151000,61.2215000,61.1360000,61.1800000,194
20200114,053000,61.2155000,61.2254000,61.1340000,61.1790000,254
20200114,054500,61.2109000,61.2115000,61.1022000,61.1490000,377
20200114,060000,61.1350000,61.2109000,61.1270000,61.1852000,306
20200114,061500,61.2095000,61.2120000,61.1390000,61.1740000,175
20200114,063000,61.2124000,61.2147000,61.1290000,61.1740000,165
20200114,064500,61.2133000,61.2133000,61.1018000,61.1424000,314
20200114,070000,61.1480000,61.1645000,61.1424000,61.1424000,58
20200114,071500,61.1482000,61.2360000,61.0795000,61.1834000,335
20200114,073000,61.2284000,61.2336000,61.1612000,61.2057000,83
20200114,074500,61.1533000,61.2166000,61.0795000,61.1229000,142
20200114,080000,61.1494000,61.2085000,61.0906000,61.1394000,166
20200114,081500,61.1043000,61.1684000,61.1043000,61.1500000,140
20200114,083000,61.1597000,61.1599000,61.1420000,61.1500000,785
20200114,084500,61.1675000,61.1828000,61.1360000,61.1446000,148
20200114,090000,61.1679000,61.2350000,61.1389000,61.1623000,358
20200114,091500,61.1811000,61.2589000,61.1548000,61.2422000,387
20200114,093000,61.2393000,61.2700000,61.1890000,61.2500000,411
20200114,094500,61.2572000,61.2690000,61.2140000,61.2471000,277
20200114,100000,61.2681000,61.2860000,61.2080000,61.2470000,733
20200114,101500,61.2275000,61.3901000,61.1778000,61.3860000,16343
20200114,103000,61.3407000,61.4398000,61.3357000,61.4224000,17771
20200114,104500,61.3715000,61.4802000,61.3715000,61.4520000,15412
20200114,110000,61.4467000,61.4681000,61.3472000,61.3552000,9181
20200114,111500,61.3546000,61.4066000,61.3160000,61.3894000,13851
20200114,113000,61.3894000,61.4523000,61.3390000,61.3964000,11658
20200114,114500,61.4468000,61.4492000,61.3660000,61.4239000,9023
20200114,120000,61.4214000,61.4253000,61.3509000,61.4037000,8605
20200114,121500,61.4026000,61.4186000,61.3230000,61.3959000,10644
20200114,123000,61.3484000,61.4408000,61.3084000,61.3903000,11975
20200114,124500,61.4352000,61.4427000,61.3415000,61.4035000,10043
20200114,130000,61.3986000,61.4039000,61.3120000,61.3516000,9813
20200114,131500,61.3976000,61.4047000,61.2920000,61.3600000,11049
20200114,133000,61.3523000,61.3717000,61.2620000,61.3035000,11121
20200114,134500,61.3401000,61.3428000,61.2359000,61.3428000,11228
20200114,140000,61.3376000,61.3745000,61.2938000,61.3625000,11406
20200114,141500,61.3666000,61.3963000,61.3044000,61.3807000,11123
20200114,143000,61.3807000,61.3841000,61.2953000,61.3718000,8945
20200114,144500,61.3650000,61.4259000,61.3138000,61.3602000,10373
20200114,150000,61.3602000,61.4211000,61.3412000,61.4056000,8160
20200114,151500,61.4049000,61.4927000,61.3546000,61.4343000,10639
20200114,153000,61.4843000,61.4879000,61.3557000,61.4195000,9160
20200114,154500,61.4188000,61.4491000,61.3689000,61.4124000,8304
20200114,160000,61.3829000,61.4591000,61.3770000,61.4344000,8921
20200114,161500,61.4358000,61.4385000,61.3494000,61.4019000,9453
20200114,163000,61.3997000,61.4103000,61.2908000,61.3344000,14068
20200114,164500,61.3548000,61.3784000,61.2530000,61.2975000,16487
20200114,170000,61.2982000,61.3440000,61.2254000,61.3418000,17664
20200114,171500,61.2924000,61.3830000,61.2818000,61.3340000,16912
20200114,173000,61.2883000,61.3500000,61.2400000,61.3081000,13589
20200114,174500,61.3268000,61.3648000,61.2569000,61.3321000,16267
20200114,180000,61.3018000,61.3616000,61.2903000,61.3552000,9685
20200114,181500,61.3064000,61.4118000,61.2928000,61.4076000,13947
20200114,183000,61.4022000,61.4413000,61.3574000,61.4190000,8537
20200114,184500,61.3885000,61.4488000,61.3682000,61.4282000,9198
20200114,190000,61.3796000,61.4561000,61.3758000,61.4422000,11052
20200114,191500,61.4422000,61.4675000,61.3513000,61.4621000,11653
20200114,193000,61.4628000,61.4790000,61.3886000,61.3990000,9482
20200114,194500,61.4488000,61.4552000,61.3820000,61.4316000,4508
20200114,200000,61.4281000,61.4631000,61.3820000,61.4490000,4084
20200114,201500,61.4140000,61.4770000,61.4070000,61.4746000,3936
20200114,203000,61.4857000,61.4857000,61.4140000,61.4651000,3165
20200114,204500,61.4734000,61.4769000,61.3931000,61.4503000,3394
20200114,210000,61.4503000,61.4609000,61.3840000,61.4368000,3899
20200114,211500,61.4400000,61.4542000,61.3837000,61.4349000,3148
20200114,213000,61.4494000,61.4494000,61.3760000,61.4241000,2428
20200114,214500,61.4382000,61.5220000,61.3760000,61.4927000,4510
20200114,220000,61.4890000,61.5042000,61.4100000,61.4670000,4341
20200114,221500,61.4986000,61.4994000,61.4050000,61.4620000,6070
20200114,223000,61.4858000,61.4945000,61.4235000,61.4550000,2752
20200114,224500,61.4471000,61.4727000,61.3924000,61.4370000,1968
20200114,230000,61.4450000,61.4592000,61.3595000,61.4592000,3830
20200114,231500,61.4425000,61.4700000,61.3810000,61.4330000,3834
20200114,233000,61.4450000,61.4534000,61.3700000,61.4259000,2748
20200114,234500,61.4105000,61.4465000,61.3785000,61.4316000,3206
20200115,000000,61.3860000,61.4893000,61.3830000,61.4610000,1184
20200115,001500,61.4563000,61.5020000,61.4273000,61.4440000,271
20200115,003000,61.4811000,61.4811000,61.3710000,61.4152000,570
20200115,004500,61.4289000,61.4320000,61.3630000,61.4117000,204
20200115,010000,61.4253000,61.4403000,61.3700000,61.4400000,126
20200115,011500,61.3890000,61.4560000,61.3770000,61.4438000,56
20200115,013000,61.4239000,61.4610000,61.3970000,61.4020000,37
20200115,014500,61.4000000,61.4800000,61.4000000,61.4558000,79
20200115,020000,61.4515000,61.4550000,61.4505000,61.4550000,4
20200115,021500,61.4494000,61.4718000,61.3820000,61.4214000,72
20200115,023000,61.4221000,61.4450000,61.3760000,61.3810000,55
20200115,024500,61.3841000,61.3954000,61.3800000,61.3804000,28
20200115,030000,61.3830000,61.3990000,61.3679000,61.3686000,168
20200115,031500,61.3946000,61.5043000,61.3743000,61.4948000,134
20200115,033000,61.4713000,61.4998000,61.4713000,61.4929000,14
20200115,034500,61.4985000,61.5004000,61.4440000,61.4933000,62
20200115,040000,61.4978000,61.5007000,61.4570000,61.4952000,106
20200115,041500,61.4992000,61.4992000,61.4460000,61.4947000,39
20200115,043000,61.4946000,61.5090000,61.4390000,61.4900000,66
20200115,044500,61.5030000,61.5046000,61.4480000,61.4900000,33
20200115,050000,61.4996000,61.5010000,61.4550000,61.4923000,32
20200115,051500,61.4919000,61.5298000,61.4390000,61.5232000,304
20200115,053000,61.5553000,61.5553000,61.4330000,61.4389000,342
20200115,054500,61.4518000,61.4940000,61.4336000,61.4342000,34
20200115,060000,61.4514000,61.4747000,61.4305000,61.4328000,14
20200115,061500,61.4719000,61.5030000,61.4294000,61.4305000,93
20200115,063000,61.4950000,61.5000000,61.4278000,61.4920000,72
20200115,064500,61.4700000,61.4990000,61.4133000,61.4760000,149
20200115,070000,61.4524000,61.5408000,61.4049000,61.4516000,516
20200115,071500,61.4858000,61.5030000,61.4463000,61.4785000,81
20200115,073000,61.4848000,61.5030000,61.4450000,61.4461000,150
20200115,074500,61.4972000,61.4976000,61.4390000,61.4451000,111
20200115,080000,61.4961000,61.4961000,61.4350000,61.4459000,99
20200115,081500,61.4846000,61.4977000,61.3870000,61.4598000,266
20200115,083000,61.4437000,61.4601000,61.3850000,61.4543000,273
20200115,084500,61.4439000,61.4582000,61.3970000,61.4184000,217
20200115,090000,61.4472000,61.4759000,61.3970000,61.4313000,402
20200115,091500,61.4204000,61.4646000,61.3140000,61.3770000,285
20200115,093000,61.3919000,61.3919000,61.3090000,61.3590000,194
20200115,094500,61.3540000,61.4109000,61.3120000,61.3860000,395
20200115,100000,61.3890000,61.3930000,61.3120000,61.3700000,489
20200115,101500,61.3644000,61.4538000,61.3280000,61.4124000,9864
20200115,103000,61.4117000,61.4565000,61.3310000,61.4059000,11445
20200115,104500,61.4538000,61.4888000,61.3678000,61.3726000,10051
20200115,110000,61.4148000,61.4308000,61.3619000,61.4117000,8833
20200115,111500,61.3931000,61.4562000,61.3490000,61.4040000,12378
20200115,113000,61.4040000,61.4743000,61.3888000,61.4428000,12899
20200115,114500,61.3943000,61.4574000,61.3812000,61.3848000,10115
20200115,120000,61.4301000,61.4754000,61.3836000,61.4578000,8360
20200115,121500,61.4540000,61.4935000,61.3954000,61.4448000,9216
20200115,123000,61.4474000,61.4676000,61.3887000,61.4591000,6375
20200115,124500,61.4556000,61.5090000,61.4087000,61.4837000,10798
20200115,130000,61.4770000,61.5955000,61.4154000,61.5233000,16650
20200115,131500,61.5249000,61.5952000,61.4911000,61.5467000,10577
20200115,133000,61.5467000,61.5950000,61.4820000,61.5803000,11725
20200115,134500,61.5803000,61.5959000,61.5061000,61.5913000,9475
20200115,140000,61.5913000,61.5949000,61.4815000,61.5361000,11154
20200115,141500,61.5371000,61.5566000,61.4470000,61.4610000,11030
20200115,143000,61.5085000,61.5205000,61.4337000,61.5043000,8561
20200115,144500,61.4541000,61.5071000,61.4168000,61.4854000,9306
20200115,150000,61.5063000,61.5284000,61.3850000,61.3877000,9956
20200115,151500,61.3877000,61.4414000,61.2983000,61.3704000,19552
20200115,153000,61.3704000,61.4083000,61.2996000,61.4048000,20192
20200115,154500,61.3970000,61.4353000,61.3311000,61.3852000,13167
20200115,160000,61.3791000,61.3933000,61.2900000,61.3775000,15826
20200115,161500,61.3762000,61.4317000,61.3033000,61.4248000,14199
20200115,163000,61.4248000,61.7797000,61.3580000,61.6857000,15556
20200115,164500,61.6960000,61.8059000,61.4610000,61.5903000,20342
20200115,170000,61.6048000,61.6664000,61.5007000,61.6364000,14150
20200115,171500,61.5863000,61.6948000,61.4917000,61.5348000,16501
20200115,173000,61.5425000,61.5784000,61.3950000,61.4219000,17928
20200115,174500,61.4720000,61.4857000,61.3172000,61.4173000,13920
20200115,180000,61.3664000,61.4566000,61.3270000,61.4487000,11234
20200115,181500,61.3994000,61.4925000,61.3740000,61.4384000,9312
20200115,183000,61.4893000,61.5929000,61.4314000,61.5125000,10920
20200115,184500,61.5131000,61.5944000,61.4896000,61.5487000,10515
20200115,190000,61.5182000,61.5950000,61.5182000,61.5941000,5161
20200115,191500,61.5941000,61.6149000,61.4757000,61.5145000,9015
20200115,193000,61.5145000,61.5690000,61.4655000,61.5198000,8547
20200115,194500,61.5051000,61.5563000,61.4030000,61.4688000,7775
20200115,200000,61.4173000,61.4875000,61.3955000,61.4687000,6725
20200115,201500,61.4687000,61.4821000,61.3400000,61.4268000,8849
20200115,203000,61.4266000,61.4518000,61.3510000,61.3942000,7398
20200115,204500,61.4079000,61.4434000,61.3530000,61.4290000,6124
20200115,210000,61.4167000,61.4785000,61.3820000,61.4736000,3415
20200115,211500,61.4280000,61.4767000,61.3890000,61.4590000,4875
20200115,213000,61.4637000,61.4710000,61.3810000,61.4446000,4813
20200115,214500,61.4380000,61.4669000,61.3840000,61.4331000,4014
20200115,220000,61.4304000,61.4550000,61.3810000,61.4427000,2785
20200115,221500,61.4442000,61.4522000,61.3761000,61.4281000,2765
20200115,223000,61.4260000,61.4440000,61.3750000,61.4303000,2637
20200115,224500,61.4294000,61.4310000,61.3570000,61.4020000,3276
20200115,230000,61.4054000,61.4273000,61.3560000,61.4200000,3156
20200115,231500,61.4247000,61.4360000,61.3720000,61.4290000,2333
20200115,233000,61.4296000,61.4450000,61.3595000,61.3948000,2489
20200115,234500,61.4070000,61.4420000,61.3530000,61.4182000,2550
20200116,000000,61.4296000,61.4380000,61.3680000,61.3950000,1317
20200116,001500,61.4244000,61.4310000,61.3664000,61.4040000,343
20200116,003000,61.4181000,61.4200000,61.3371000,61.3575000,497
20200116,004500,61.3879000,61.4290000,61.3510000,61.3840000,440
20200116,010000,61.3992000,61.4163000,61.3500000,61.3990000,329
20200116,011500,61.4093000,61.4910000,61.3470000,61.3762000,66
20200116,013000,61.3685000,61.4000000,61.3470000,61.3840000,59
20200116,014500,61.3500000,61.4000000,61.3458000,61.3728000,195
20200116,020000,61.3743000,61.4000000,61.3258000,61.3564000,222
20200116,021500,61.3806000,61.3850000,61.3258000,61.3660000,162
20200116,023000,61.3618000,61.3750000,61.3517000,61.3660000,71
20200116,024500,61.3617000,61.3690000,61.3290000,61.3540000,58
20200116,030000,61.3632000,61.3690000,61.3290000,61.3660000,75
20200116,031500,61.3609000,61.3750000,61.3290000,61.3690000,126
20200116,033000,61.3594000,61.3690000,61.3220000,61.3660000,104
20200116,034500,61.3769000,61.3769000,61.3070000,61.3490000,153
20200116,040000,61.3225000,61.3500000,61.3010000,61.3330000,203
20200116,041500,61.3246000,61.3550000,61.3140000,61.3200000,161
20200116,043000,61.3292000,61.3550000,61.3200000,61.3200000,129
20200116,044500,61.3308000,61.3520000,61.3200000,61.3520000,162
20200116,050000,61.3244000,61.3520000,61.3200000,61.3490000,160
20200116,051500,61.3400000,61.3590000,61.3140000,61.3200000,204
20200116,053000,61.3428000,61.3520000,61.3200000,61.3200000,179
20200116,054500,61.3246000,61.3507000,61.3200000,61.3507000,68
20200116,060000,61.3472000,61.3900000,61.3150000,61.3500000,149
20200116,061500,61.3772000,61.3772000,61.3200000,61.3200000,97
20200116,063000,61.3786000,61.3786000,61.3200000,61.3200000,107
20200116,064500,61.3412000,61.3587000,61.3200000,61.3200000,77
20200116,070000,61.3259000,61.3750000,61.3110000,61.3570000,226
20200116,071500,61.3084000,61.3600000,61.3078000,61.3566000,176
20200116,073000,61.3403000,61.3590000,61.3330000,61.3566000,166
20200116,074500,61.3496000,61.3650000,61.3290000,61.3568000,176
20200116,080000,61.3450000,61.3650000,61.3088000,61.3590000,162
20200116,081500,61.3476000,61.3670000,61.3089000,61.3570000,234
20200116,083000,61.3455000,61.3910000,61.3390000,61.3839000,364
20200116,084500,61.3422000,61.3906000,61.3360000,61.3730000,364
20200116,090000,61.3732000,61.3820000,61.3417000,61.3777000,250
20200116,091500,61.3742000,61.3900000,61.3200000,61.3747000,337
20200116,093000,61.3678000,61.3830000,61.3360000,61.3585000,241
20200116,094500,61.3675000,61.4140000,61.3325000,61.4064000,607
20200116,100000,61.3589000,61.4270000,61.3589000,61.4036000,309
20200116,101500,61.3925000,61.5013000,61.3280000,61.4338000,14237
20200116,103000,61.4338000,61.5346000,61.4152000,61.4990000,12000
20200116,104500,61.5053000,61.5411000,61.4541000,61.5340000,10527
20200116,110000,61.5365000,61.5485000,61.4631000,61.5400000,8839
20200116,111500,61.5265000,61.6101000,61.4877000,61.5898000,12808
20200116,113000,61.6075000,61.6795000,61.5573000,61.6169000,13181
20200116,114500,61.6178000,61.6182000,61.5200000,61.5710000,16927
20200116,120000,61.6066000,61.6212000,61.5151000,61.5661000,11194
20200116,121500,61.5661000,61.6252000,61.5470000,61.5790000,8729
20200116,123000,61.5979000,61.6438000,61.5336000,61.5802000,10280
20200116,124500,61.6266000,61.6293000,61.5233000,61.5775000,10497
20200116,130000,61.5809000,61.6235000,61.5318000,61.5681000,7608
20200116,131500,61.6182000,61.6757000,61.5673000,61.6370000,9091
20200116,133000,61.6375000,61.6939000,61.5730000,61.6510000,12557
20200116,134500,61.6878000,61.7393000,61.6214000,61.7090000,11404
20200116,140000,61.7080000,61.7214000,61.6196000,61.6870000,8754
20200116,141500,61.6735000,61.6922000,61.5884000,61.6075000,11785
20200116,143000,61.6601000,61.6673000,61.5840000,61.6546000,6404
20200116,144500,61.6392000,61.6800000,61.6039000,61.6780000,6537
20200116,150000,61.6776000,61.7629000,61.6250000,61.7379000,12571
20200116,151500,61.7377000,61.7412000,61.6637000,61.7265000,7508
20200116,153000,61.7265000,61.7337000,61.6320000,61.6476000,8016
20200116,154500,61.6800000,61.7024000,61.5510000,61.5998000,13709
20200116,160000,61.5525000,61.6402000,61.5461000,61.6126000,11113
20200116,161500,61.5809000,61.6497000,61.5220000,61.5861000,15378
20200116,163000,61.6040000,61.6210000,61.4460000,61.5156000,21589
20200116,164500,61.5156000,61.6041000,61.4716000,61.5699000,15250
20200116,170000,61.5635000,61.6304000,61.5151000,61.6233000,14032
20200116,171500,61.6038000,61.6730000,61.5718000,61.6521000,9905
20200116,173000,61.6521000,61.6576000,61.5832000,61.6390000,8013
20200116,174500,61.6525000,61.6899000,61.6003000,61.6086000,11093
20200116,180000,61.6081000,61.6806000,61.5941000,61.5989000,11067
20200116,181500,61.5990000,61.6518000,61.5703000,61.6336000,11320
20200116,183000,61.6336000,61.6446000,61.5674000,61.5762000,10868
20200116,184500,61.6090000,61.6611000,61.5641000,61.6020000,10814
20200116,190000,61.6534000,61.6775000,61.5874000,61.6375000,7952
20200116,191500,61.6429000,61.6829000,61.5895000,61.6580000,7695
20200116,193000,61.6423000,61.6743000,61.5971000,61.6000000,8893
20200116,194500,61.6000000,61.6620000,61.5870000,61.5950000,8072
20200116,200000,61.6411000,61.6550000,61.5590000,61.5820000,7231
20200116,201500,61.6338000,61.6420000,61.5700000,61.6220000,6419
20200116,203000,61.6118000,61.6324000,61.5728000,61.6170000,3573
20200116,204500,61.6207000,61.6350000,61.5725000,61.6270000,2834
20200116,210000,61.6159000,61.6344000,61.5760000,61.6284000,2821
20200116,211500,61.6158000,61.6495000,61.5803000,61.5960000,2358
20200116,213000,61.6448000,61.6656000,61.5960000,61.6581000,3402
20200116,214500,61.6492000,61.6630000,61.6048000,61.6550000,2372
20200116,220000,61.6422000,61.6660000,61.6043000,61.6163000,1698
20200116,221500,61.6163000,61.6750000,61.6163000,61.6702000,2520
20200116,223000,61.6585000,61.6795000,61.6193000,61.6775000,2847
20200116,224500,61.6790000,61.6890000,61.6272000,61.6346000,2544
20200116,230000,61.6650000,61.6870000,61.6290000,61.6760000,1969
20200116,231500,61.6778000,61.6805000,61.6115000,61.6585000,1887
20200116,233000,61.6611000,61.6750000,61.5719000,61.6279000,3042
20200116,234500,61.6116000,61.6534000,61.5750000,61.6482000,2281
20200117,000000,61.6480000,61.6550000,61.5940000,61.6140000,1202
20200117,001500,61.6178000,61.6520000,61.5902000,61.6260000,300
20200117,003000,61.6447000,61.6590000,61.5738000,61.6390000,273
20200117,004500,61.6495000,61.6590000,61.5860000,61.6226000,158
20200117,010000,61.6566000,61.6901000,61.2486000,61.6620000,347
20200117,011500,61.3250000,61.6686000,61.3250000,61.6321000,34
20200117,013000,61.6218000,61.6800000,61.5955000,61.6390000,259
20200117,014500,61.6474000,61.6500000,61.5583000,61.6250000,210
20200117,020000,61.5977000,61.6400000,61.5971000,61.6250000,181
20200117,021500,61.5906000,61.6570000,61.5570000,61.6540000,156
20200117,023000,61.6635000,61.6730000,61.6190000,61.6670000,270
20200117,024500,61.6737000,61.6750000,61.6220000,61.6690000,285
20200117,030000,61.6737000,61.6750000,61.6220000,61.6375000,257
20200117,031500,61.6690000,61.6750000,61.6270000,61.6430000,272
20200117,033000,61.6637000,61.6750000,61.6290000,61.6382000,222
20200117,034500,61.6736000,61.6750000,61.6290000,61.6375000,231
20200117,040000,61.6734000,61.6832000,61.6290000,61.6830000,306
20200117,041500,61.6805000,61.6830000,61.6390000,61.6566000,271
20200117,043000,61.6767000,61.6853000,61.6280000,61.6720000,270
20200117,044500,61.6726000,61.6750000,61.6280000,61.6375000,212
20200117,050000,61.6737000,61.6737000,61.6375000,61.6376000,168
20200117,051500,61.6375000,61.6660000,61.6375000,61.6412000,163
20200117,053000,61.6749000,61.6923000,61.6285000,61.6375000,343
20200117,054500,61.6628000,61.6675000,61.6335000,61.6375000,130
20200117,060000,61.6583000,61.6729000,61.6270000,61.6680000,250
20200117,061500,61.6743000,61.6743000,61.6280000,61.6375000,311
20200117,063000,61.6713000,61.6720000,61.6270000,61.6350000,276
20200117,064500,61.6570000,61.6690000,61.6250000,61.6680000,276
20200117,070000,61.6646000,61.6690000,61.6198000,61.6660000,354
20200117,071500,61.6648000,61.6700000,61.6280000,61.6680000,322
20200117,073000,61.6641000,61.6700000,61.6280000,61.6690000,346
20200117,074500,61.6680000,61.6700000,61.6280000,61.6375000,247
20200117,080000,61.6639000,61.6700000,61.6280000,61.6680000,265
20200117,081500,61.6321000,61.6700000,61.6280000,61.6375000,268
20200117,083000,61.6647000,61.6700000,61.6290000,61.6375000,290
20200117,084500,61.6683000,61.6690000,61.6148000,61.6530000,327
20200117,090000,61.6494000,61.6600000,61.6173000,61.6428000,255
20200117,091500,61.6489000,61.6900000,61.6170000,61.6190000,398
20200117,093000,61.6792000,61.6792000,61.5970000,61.6216000,456
20200117,094500,61.6529000,61.6590000,61.5925000,61.6490000,216
20200117,100000,61.6477000,61.6510000,61.5840000,61.6153000,488
20200117,101500,61.6025000,61.6838000,61.5340000,61.5500000,16024
20200117,103000,61.6014000,61.6018000,61.4695000,61.5263000,14039
20200117,104500,61.5263000,61.5407000,61.4580000,61.5170000,10929
20200117,110000,61.5169000,61.5320000,61.4090000,61.4713000,13932
20200117,111500,61.4222000,61.5119000,61.4130000,61.4708000,11944
20200117,113000,61.4708000,61.4920000,61.4130000,61.4709000,9181
20200117,114500,61.4717000,61.4900000,61.3289000,61.4220000,17976
20200117,120000,61.4200000,61.4472000,61.3570000,61.3885000,12198
20200117,121500,61.4383000,61.4575000,61.3760000,61.3803000,11413
20200117,123000,61.3800000,61.4736000,61.3650000,61.4523000,12719
20200117,124500,61.4550000,61.4913000,61.4098000,61.4840000,13355
20200117,130000,61.4909000,61.5137000,61.3742000,61.4317000,14122
20200117,131500,61.3837000,61.4412000,61.2855000,61.3201000,18409
20200117,133000,61.3412000,61.3822000,61.2787000,61.3767000,13722
20200117,134500,61.3748000,61.4046000,61.2898000,61.3556000,10791
20200117,140000,61.3555000,61.3839000,61.2956000,61.3790000,8839
20200117,141500,61.3700000,61.4161000,61.3227000,61.3836000,8004
20200117,143000,61.3836000,61.3944000,61.2589000,61.2625000,11149
20200117,144500,61.2625000,61.3850000,61.2382000,61.3780000,14525
20200117,150000,61.3730000,61.4113000,61.3142000,61.3676000,9333
20200117,151500,61.3674000,61.4190000,61.3164000,61.3465000,7796
20200117,153000,61.3961000,61.4300000,61.3453000,61.4267000,7780
20200117,154500,61.4257000,61.4561000,61.3552000,61.4190000,11402
20200117,160000,61.4260000,61.4756000,61.3680000,61.4190000,11758
20200117,161500,61.4275000,61.4731000,61.3696000,61.4457000,11896
20200117,163000,61.4400000,61.4538000,61.3710000,61.3780000,10337
20200117,164500,61.4175000,61.4390000,61.3490000,61.3680000,13622
20200117,170000,61.3680000,61.4790000,61.3502000,61.4725000,10284
20200117,171500,61.4732000,61.5190000,61.4203000,61.4925000,12186
20200117,173000,61.4763000,61.5106000,61.4050000,61.4586000,9747
20200117,174500,61.5076000,61.5154000,61.4407000,61.4790000,12554
20200117,180000,61.4407000,61.4977000,61.3780000,61.4344000,9470
20200117,181500,61.4000000,61.4430000,61.3510000,61.4320000,11076
20200117,183000,61.4280000,61.4764000,61.3766000,61.4694000,15786
20200117,184500,61.4195000,61.5131000,61.4195000,61.4946000,10239
20200117,190000,61.4948000,61.5060000,61.4151000,61.4320000,11317
20200117,191500,61.4789000,61.5546000,61.4300000,61.5540000,11881
20200117,193000,61.5500000,61.5734000,61.4860000,61.5370000,10083
20200117,194500,61.5370000,61.5494000,61.4629000,61.5213000,5650
20200117,200000,61.5160000,61.5643000,61.4740000,61.5520000,4513
20200117,201500,61.5675000,61.5711000,61.4841000,61.5359000,6030
20200117,203000,61.5327000,61.5673000,61.4881000,61.5620000,5279
20200117,204500,61.5600000,61.5707000,61.5040000,61.5650000,3328
20200117,210000,61.5650000,61.5755000,61.5130000,61.5711000,2406
20200117,211500,61.5210000,61.5800000,61.5196000,61.5750000,3006
20200117,213000,61.5749000,61.5801000,61.5209000,61.5748000,3180
20200117,214500,61.5762000,61.5854000,61.5248000,61.5811000,4557
20200117,220000,61.5811000,61.5840000,61.5230000,61.5760000,3822
20200117,221500,61.5780000,61.5820000,61.5170000,61.5630000,9088
20200117,223000,61.5665000,61.5720000,61.5050000,61.5667000,13104
20200117,224500,61.5630000,61.5712000,61.5050000,61.5440000,4833
20200117,230000,61.5569000,61.5625000,61.4883000,61.5017000,4253
20200117,231500,61.5017000,61.5780000,61.5017000,61.5695000,2152
20200117,233000,61.5721000,61.5838000,61.5154000,61.5690000,3534
20200117,234500,61.5663000,61.5744000,61.5050000,61.5629000,1361
20200118,000000,61.5649000,61.5770000,61.5127000,61.5586000,1091
20200118,001500,61.5790000,61.5900000,61.4995000,61.5637000,382
20200118,003000,61.5881000,61.6110000,61.5200000,61.5775000,418
20200118,004500,61.5829000,61.6043000,61.5635000,61.5854000,209
20200118,010000,61.6023000,61.6070000,61.5266000,61.5550000,752
20200118,011500,61.5650000,61.6145000,61.5559000,61.6053000,5
20200118,013000,61.6053000,61.6053000,61.6053000,61.6053000,3
20200118,014500,61.5788000,61.5788000,61.5550000,61.5550000,2
20200118,020000,61.5818000,61.5818000,61.5818000,61.5818000,1
20200118,024500,61.5550000,61.5550000,61.5550000,61.5550000,2
20200119,211500,61.5300000,61.5300000,61.5300000,61.5300000,1
20200119,213000,61.5720000,61.5720000,61.5720000,61.5720000,1
20200119,214500,61.5675000,61.5675000,61.5670000,61.5670000,2
20200119,221500,61.5818000,61.5818000,61.5674000,61.5778000,5
20200119,223000,61.5778000,61.5778000,61.5778000,61.5778000,3
20200119,224500,61.5778000,61.5778000,61.5778000,61.5778000,1
20200119,231500,61.5620000,61.5721000,61.5620000,61.5721000,3
20200119,233000,61.5721000,61.5721000,61.5570000,61.5646000,5
20200119,234500,61.5607000,61.5646000,61.5607000,61.5646000,3
20200120,000000,61.5646000,61.5646000,61.5470000,61.5475000,6
20200120,001500,61.5518000,61.5518000,61.5518000,61.5518000,1
